<annotation>
	<folder>images</folder>
	<filename>car_1.jpg</filename>
	<path>C:\Users\baris\OneDrive\Masa&#252;st&#252;\byWork\Projeler\byXMLParser\images\car_1.jpg</path>
	<source>
		<database>Unknown</database>
	</source>
	<size>
		<width>806</width>
		<height>536</height>
		<depth>3</depth>
	</size>
	<segmented>0</segmented>
	<object>
		<name>motor</name>
		<pose>Unspecified</pose>
		<truncated>0</truncated>
		<difficult>0</difficult>
		<bndbox>
			<xmin>145</xmin>
			<ymin>101</ymin>
			<xmax>474</xmax>
			<ymax>333</ymax>
		</bndbox>
	</object>
	<object>
		<name>motor_yag_kapagi</name>
		<pose>Unspecified</pose>
		<truncated>0</truncated>
		<difficult>0</difficult>
		<bndbox>
			<xmin>98</xmin>
			<ymin>112</ymin>
			<xmax>188</xmax>
			<ymax>171</ymax>
		</bndbox>
	</object>
</annotation>